{
  "gitbook": "^3.1.1",
  "title": "redux-observable",
  "plugins": ["edit-link", "prism", "github", "anker-enable", "addcssjs"],
  "pluginsConfig": {
    "theme-default": {
      "showLevel": true
    },
    "sharing": {
      "google": false,
      "facebook": false,
      "twitter": false
    },
    "edit-link": {
      "base": "https://github.com/redux-observable/redux-observable/tree/master",
      "label": "Edit This Page"
    },
    "github": {
      "url": "https://github.com/redux-observable/redux-observable/"
    },
    "addcssjs": {
      "js": ["website/script.js"],
      "css": ["website/style.css"]
    }
  }
}
