{
  "$schema": "./node_modules/@angular/cli/lib/config/schema.json",
  "project": {
    "name": "fr-spl"
  },
  "apps": [
    {
      "name": "frmd",
      "root": "apps/frmd/src",
      "outDir": "dist/apps/frmd",
      "assets": [
        "assets",
        "favicon.ico"
      ],
      "index": "index.html",
      "main": "main.ts",
      "polyfills": "polyfills.ts",
      "test": "../../../test.js",
      "tsconfig": "../../../tsconfig.app.json",
      "testTsconfig": "../../../tsconfig.spec.json",
      "prefix": "app",
      "styles": [
        "styles.scss"
      ],
      "scripts": [],
      "environmentSource": "environments/environment.ts",
      "environments": {
        "dev": "environments/environment.ts",
        "prod": "environments/environment.prod.ts"
      }
    },
    {
      "name": "todo",
      "root": "apps/todo/src",
      "outDir": "dist/apps/todo",
      "assets": [
        "assets",
        "favicon.ico"
      ],
      "index": "index.html",
      "main": "main.ts",
      "polyfills": "polyfills.ts",
      "test": "../../../test.js",
      "tsconfig": "../../../tsconfig.app.json",
      "testTsconfig": "../../../tsconfig.spec.json",
      "prefix": "app",
      "styles": [
        "styles.scss"
      ],
      "scripts": [],
      "environmentSource": "environments/environment.ts",
      "environments": {
        "dev": "environments/environment.ts",
        "prod": "environments/environment.prod.ts"
      }
    },
    {
      "name": "user",
      "root": "apps/user/src",
      "outDir": "dist/apps/user",
      "assets": [
        "assets",
        "favicon.ico"
      ],
      "index": "index.html",
      "main": "main.ts",
      "polyfills": "polyfills.ts",
      "test": "../../../test.js",
      "tsconfig": "../../../tsconfig.app.json",
      "testTsconfig": "../../../tsconfig.spec.json",
      "prefix": "app",
      "styles": [
        "styles.css"
      ],
      "scripts": [],
      "environmentSource": "environments/environment.ts",
      "environments": {
        "dev": "environments/environment.ts",
        "prod": "environments/environment.prod.ts"
      }
    },
    {
      "name": "core",
      "root": "libs/core/src",
      "test": "../../../test.js",
      "appRoot": ""
    },
    {
      "name": "spl-components",
      "root": "libs/spl-components",
      "test": "../../../test.js",
      "appRoot": ""
    }
  ],
  "e2e": {
    "protractor": {
      "config": "./protractor.conf.js"
    }
  },
  "lint": [
    {
      "project": "./tsconfig.app.json"
    },
    {
      "project": "./tsconfig.spec.json"
    },
    {
      "project": "./tsconfig.e2e.json"
    }
  ],
  "test": {
    "karma": {
      "config": "./karma.conf.js"
    }
  },
  "defaults": {
    "styleExt": "scss",
    "class": {
      "spec": false
    },
    "component": {
      "viewEncapsulation": "Emulated"
    },
    "schematics": {
      "collection": "@nrwl/schematics",
      "postGenerate": "npm run format",
      "newProject": [
        "app",
        "lib"
      ]
    }
  },
  "packageManager": "yarn"
}
